<?xml version="1.0" encoding="utf-8"?>
<appengine-web-app xmlns="http://appengine.google.com/ns/1.0">
	<application>vosao</application>
	<version>1</version>
	
	<!-- Configure java.util.logging -->
	<system-properties>
        <property name="com.google.gdata.DisableCookieHandler" value="true"/>
		<property name="java.util.logging.config.file" value="WEB-INF/logging.properties"/>
	</system-properties>

	<static-files>
        <include path="/cms/**.*" expiration="1d" />
        <include path="/static/**.*" expiration="1d" />
        <include path="/favicon.ico" expiration="1d" />
    </static-files>
	
	<threadsafe>true</threadsafe>
	<warmup-requests-enabled>true</warmup-requests-enabled>
    <precompilation-enabled>true</precompilation-enabled>
    
    <module>pub</module>
   <instance-class>B1</instance-class>
  <basic-scaling>
    <max-instances>10</max-instances>
  </basic-scaling>
   
</appengine-web-app>